{
    "rmse": 4397.718968259607,
    "mae": 2483.3556435244254,
    "r2": 0.8772368361750918
}